{
    "train_loss": [
        0.9861058009543309,
        0.8468729258245348,
        0.7236543397848053,
        0.670868946793244,
        0.6444398803869262,
        0.6290144768347473,
        0.623295166014424,
        0.6169665924377592,
        0.6129706630985694,
        0.610402850388537,
        0.6094679144545042,
        0.6053633626590262,
        0.6068048419320564,
        0.6017033808524598,
        0.5993062089589474,
        0.6002647847559083,
        0.5978713185419205
    ],
    "test_loss": [
        0.9587258709104438,
        0.825460642733072,
        0.7580205893242046,
        0.7402156536908526,
        0.7052059463274322,
        0.6960461249967155,
        0.6895168368165431,
        0.6882689719627563,
        0.6840090863553709,
        0.6819588373366156,
        0.684270995149487,
        0.6816894445862425,
        0.6809761798891582,
        0.6857444929547216,
        0.6897053368610183,
        0.6817351926559289,
        0.6847384417821702
    ],
    "train_acc": [
        47.159899681420725,
        58.31356334304887,
        63.475225377889245,
        65.00372805531079,
        67.41001830136244,
        68.44709550599877,
        68.76228563681963,
        69.32149393343727,
        69.21643055649699,
        69.5722903816173,
        69.64007320544974,
        69.82986511218057,
        69.80953026503084,
        70.202670643259,
        70.42296482071443,
        69.92815020673761,
        70.84660746966719
    ],
    "test_acc": [
        51.10990795885219,
        59.82674607471576,
        60.314022739577695,
        62.29020032485111,
        64.32051976177586,
        65.26800216567406,
        67.00054141851652,
        65.64699512723335,
        66.89225771521386,
        67.46074715755279,
        67.9750947482404,
        68.24580400649702,
        67.73145641580942,
        68.35408770979967,
        67.02761234434217,
        68.78722252301029,
        67.62317271250677
    ]
}