{
    "train_loss": [
        0.86250475228421,
        0.7642334350838179,
        0.7529795321121223,
        0.7483770184329172,
        0.7444529922838372,
        0.7407945632885553,
        0.7379344707612242,
        0.7362553867879078,
        0.7330988831193137,
        0.7319079996785149,
        0.7305310255051345,
        0.73068742793372,
        0.7272507783429893,
        0.7259001421031395,
        0.7255486540165484,
        0.7249548590166102,
        0.7230154146758937,
        0.7214649731599677,
        0.722198646804808,
        0.7201962814519279,
        0.7192013267930107,
        0.7192764583950568,
        0.7192781576739722,
        0.7177217111849276,
        0.7170649801883356,
        0.7168053168497097,
        0.7152753078109143,
        0.7148992924681423,
        0.7136414481584277,
        0.7144221988175751,
        0.7135750728254941,
        0.7120319683741975,
        0.7115433502011002,
        0.7116586389203899,
        0.7104409804727,
        0.709361622201916
    ],
    "test_loss": [
        0.8263507131683199,
        0.8217547828429623,
        0.8189461433181637,
        0.8141677308239434,
        0.808754446788838,
        0.8099329287284299,
        0.8001186246150418,
        0.8027612361860903,
        0.8007084721797391,
        0.7989857052894015,
        0.7985444019107442,
        0.7919072342154226,
        0.7891837954913316,
        0.7934882254192703,
        0.7911325788027361,
        0.7899364662797828,
        0.7892564695524542,
        0.7918266885766857,
        0.7902205577806423,
        0.7881751619671521,
        0.7864521148565569,
        0.7832221514300296,
        0.7783339209462466,
        0.7796819542583666,
        0.7850353606437382,
        0.7842005075984879,
        0.7820247172525054,
        0.7873232150548383,
        0.777951490682991,
        0.776571064834532,
        0.7813033565486732,
        0.782147737474818,
        0.7790627322698894,
        0.7823200982652212,
        0.778646100351685,
        0.7802881760032554
    ],
    "train_acc": [
        71.01517358011932,
        46.42269930004228,
        46.51665335650867,
        46.6951660637948,
        46.82200404002443,
        46.88542302813924,
        47.087424249541975,
        46.9981678958989,
        47.12030816930521,
        47.190773711655,
        47.146145534833465,
        47.15554094048011,
        47.26828580823977,
        47.188424860243344,
        47.18372715742002,
        47.204866820124955,
        47.364588716117815,
        47.444449664114245,
        47.53840372058064,
        47.51491520646404,
        47.524310612110675,
        47.568938788932215,
        47.53840372058064,
        47.53135716634566,
        47.6628928453986,
        47.58538074881383,
        47.630008925635366,
        47.639404331282,
        47.709869873631796,
        47.63705547987034,
        47.705172170808474,
        47.64410203410532,
        47.82261474139146,
        47.78033541598158,
        47.70047446798515,
        47.73100953633673
    ],
    "test_acc": [
        65.21386031402274,
        65.70113697888468,
        65.59285327558203,
        65.56578234975636,
        65.70113697888468,
        65.61992420140768,
        65.40335679480238,
        65.61992420140768,
        65.67406605305901,
        65.59285327558203,
        65.61992420140768,
        65.61992420140768,
        65.72820790471035,
        65.67406605305901,
        65.67406605305901,
        65.78234975636167,
        65.51164049810504,
        65.43042772062805,
        65.45749864645371,
        65.43042772062805,
        65.51164049810504,
        65.40335679480238,
        65.59285327558203,
        65.43042772062805,
        65.37628586897672,
        65.51164049810504,
        65.51164049810504,
        65.51164049810504,
        65.51164049810504,
        65.67406605305901,
        65.43042772062805,
        65.43042772062805,
        65.37628586897672,
        65.43042772062805,
        65.43042772062805,
        65.43042772062805
    ]
}