{
    "train_loss": [
        1.0352466405026222,
        0.9933179398900585,
        0.9788518125485433,
        0.9707976829456656,
        0.9643114943057298,
        0.9604230130973616,
        0.9569302538017693,
        0.9534806197117034,
        0.9502707054544436,
        0.9510716601912128,
        0.9476443535011065,
        0.9476557133229155,
        0.9466020432153814,
        0.9444039306456321,
        0.9454765892342517,
        0.9431058550841714,
        0.9433548837704094,
        0.9404850791649599,
        0.9417686949435033,
        0.9399394064357406
    ],
    "test_loss": [
        1.0325950081411162,
        1.0270868179045225,
        1.008001425234895,
        0.9971850172469491,
        0.9949839748834309,
        0.9985686181407226,
        0.9878938641987349,
        0.9873254038785634,
        0.987163853331616,
        0.9788759575078362,
        0.981389121632827,
        0.9730161342181658,
        0.9728764582621424,
        0.9802179350664741,
        0.9715230116718694,
        0.9703418963833859,
        0.9731196825441562,
        0.9762400995743902,
        0.9781346170525802,
        0.9698907516504589
    ],
    "train_acc": [
        32.144440176117726,
        34.00904228598446,
        34.16270204781183,
        34.16861203865134,
        34.053367217280815,
        34.19816199284891,
        34.19816199284891,
        34.37250672261458,
        34.443426612688754,
        34.502526521083894,
        34.38728169971336,
        34.26021689666381,
        34.082917171478385,
        34.47593156230608,
        34.08587216689814,
        34.626636328713694,
        34.1301970981945,
        34.72119618214592,
        34.61481634703466,
        34.55571643863952
    ],
    "test_acc": [
        45.81768521679754,
        46.193240013656535,
        47.45646978490952,
        46.60293615568453,
        46.26152270399454,
        45.20314100375555,
        45.032434277910546,
        46.60293615568453,
        45.783543871628545,
        46.363946739501536,
        46.568794810515534,
        46.77364288152953,
        46.53465346534654,
        46.12495732331854,
        46.67121884602253,
        47.01263229771253,
        46.67121884602253,
        46.15909866848754,
        45.92010925230454,
        46.944349607374534
    ]
}