{
    "train_loss": [
        1.096185231797005,
        1.0344598861901384,
        1.0138427261067064,
        0.999687953058042,
        0.9887515373135868,
        0.9822957151030239,
        0.9774458468548561,
        0.9727018597290704,
        0.9680436519415755,
        0.9675103282065768,
        0.963502750741808,
        0.9626276022313457,
        0.9611509932499183,
        0.957771209431322,
        0.958134163818077,
        0.9552901521325111,
        0.9549776588713652,
        0.9521027218648478,
        0.9527392516794958,
        0.9504838265380577
    ],
    "test_loss": [
        1.0646004215667122,
        1.0501054771636662,
        1.0312253555184916,
        1.0161505291336461,
        1.0122461370731655,
        1.0161178304960854,
        1.0047091288001915,
        1.0008078670815417,
        1.0009242950301422,
        0.9925040169766075,
        0.9949001771839041,
        0.9857406493864561,
        0.984787549313746,
        0.9914241326482672,
        0.9832646321309241,
        0.9823337178481253,
        0.9840410952505313,
        0.9858393203271063,
        0.9873057734025152,
        0.9798452543584923
    ],
    "train_acc": [
        28.338892281674262,
        32.966129562643864,
        33.30436416592286,
        33.311410720157845,
        33.09766524169681,
        33.58152863249871,
        33.51341194156058,
        33.4593883590924,
        33.891577018837786,
        34.03955465777235,
        33.969089115422555,
        34.02546154930239,
        33.68252924320007,
        34.34255648987645,
        34.10532249729882,
        34.46234791187109,
        34.149950674120355,
        34.43416169493118,
        34.40597547799126,
        34.43416169493118
    ],
    "test_acc": [
        44.4775311315647,
        44.01732539252843,
        44.88359501894965,
        44.80238224147266,
        45.23551705468327,
        43.82782891174878,
        43.936112615051435,
        45.018949648077964,
        44.39631835408771,
        45.45208446128858,
        44.72116946399567,
        44.72116946399567,
        45.42501353546291,
        44.85652409312399,
        45.939361126150516,
        45.5062263129399,
        45.614510016242555,
        45.23551705468327,
        45.343800757985925,
        45.39794260963725
    ]
}