{
    "train_loss": [
        1.4465965163576735,
        1.1472598910331726,
        1.058444699743292,
        1.0115853983622332
    ],
    "test_loss": [
        1.270239664160687,
        1.138705559398817,
        1.0673773521962373,
        1.1152175794477048
    ],
    "train_acc": [
        49.74164657251119,
        63.24491904925939,
        66.930761281433,
        68.73923527385463
    ],
    "test_acc": [
        55.647382920110196,
        58.608815426997246,
        66.66666666666667,
        63.705234159779614
    ]
}