{
    "train_loss": [
        1.5230532210464929,
        1.3678113697703689,
        1.1731093667442662,
        1.0664485420215044,
        1.0238073164716097,
        1.0016188809870104,
        0.9919133572676725,
        0.9731079492548761,
        0.968708368535739,
        0.9520138846091077,
        0.9463858363476727,
        0.9416973181841423,
        0.9425152332740857,
        0.9376641148082063,
        0.9388578741126365,
        0.9337810912636098,
        0.9309802423338599,
        0.928361352543525,
        0.9234724790716227,
        0.9213256946758143
    ],
    "test_loss": [
        1.4513092434219041,
        1.2253686717043373,
        1.0727844418499481,
        1.0130802170612425,
        0.9963522796855547,
        0.9734078088277922,
        0.9531494822177587,
        0.9568981165115121,
        0.944296095110671,
        0.9369822405083641,
        0.9657089664205831,
        0.9287484895184402,
        0.9246361109559761,
        0.9283480402374766,
        0.9161276999685465,
        0.9314778504103266,
        0.9065823213280183,
        0.9067624111645197,
        0.926936443251465,
        0.9133467343855278
    ],
    "train_acc": [
        43.69947366610479,
        54.94169046062816,
        64.03041040283463,
        66.03254325914205,
        68.33396401665004,
        68.57133028311948,
        68.76053527813134,
        69.6721593450067,
        69.27310881007259,
        70.07809006157763,
        70.36017750868623,
        70.10905087894321,
        70.36361759950462,
        70.24665451167911,
        70.18817296776635,
        70.50466132305893,
        70.4117788709622,
        70.62162441088445,
        70.75578795280195,
        70.49434105060374
    ],
    "test_acc": [
        49.13863822805578,
        67.35028712059065,
        68.14328684714246,
        68.49876948318294,
        69.56521739130434,
        70.38556193601312,
        71.01449275362319,
        70.71369975389663,
        71.53404429860541,
        71.807492480175,
        70.49494120864097,
        71.12387202625102,
        72.05359584358764,
        72.24500957068635,
        71.6707683893902,
        71.6707683893902,
        71.58873393491933,
        72.0809406617446,
        70.7410445720536,
        71.83483729833196
    ]
}