{
    "train_loss": [
        0.49439377826541336,
        0.43841893936133675,
        0.42878801550351986,
        0.42375996122631693,
        0.4189876043186177,
        0.4182294322187249,
        0.4148898417097518
    ],
    "test_loss": [
        0.7097525763235242,
        0.715900312455019,
        0.6960832517195437,
        0.7251994129623001,
        0.7306137053876495,
        0.7263553216345879,
        0.6988408242742228
    ],
    "train_acc": [
        76.70996478626898,
        79.83955598050419,
        80.54616263613255,
        80.90529605186447,
        80.95893286070753,
        81.1338354982393,
        81.19446841258366
    ],
    "test_acc": [
        67.42505353319058,
        66.80942184154176,
        68.28158458244111,
        67.96038543897217,
        67.906852248394,
        67.47858672376874,
        67.77301927194861
    ]
}