{
    "train_loss": [
        0.9801310888736656,
        0.8920777398014539,
        0.8310778911470582,
        0.8031678204767798,
        0.7787356659941571,
        0.768852226793962,
        0.7591097346899148,
        0.7537524112653429,
        0.750819454604674,
        0.7470006284752775,
        0.7469625018846464,
        0.7441504555097229,
        0.7422682392054029,
        0.7387306468708342,
        0.7380043579558045,
        0.7372174745738065,
        0.734876665937267
    ],
    "test_loss": [
        0.9408256108039303,
        0.8878739162103126,
        0.8313012042327931,
        0.804187410403239,
        0.8010317001295717,
        0.8005065979828175,
        0.7851488397113586,
        0.7997133431122884,
        0.7947142855068179,
        0.7812181724284433,
        0.7891918425987425,
        0.7810555017308185,
        0.7804279634729028,
        0.7879330676686215,
        0.783093664702028,
        0.7969240849347491,
        0.7927282432241267
    ],
    "train_acc": [
        50.01068969940565,
        56.963270192842174,
        60.52935391456792,
        60.785906700303585,
        61.38452986702014,
        61.239149955103265,
        62.17129174327618,
        62.32949929447984,
        62.13280882541583,
        62.88536366357378,
        63.0264676957284,
        63.08205413263779,
        63.612263223158166,
        63.42840039338094,
        63.50536622910164,
        63.642194381493994,
        64.10398939581819
    ],
    "test_acc": [
        51.58757255035849,
        55.99180607715944,
        57.59644930010242,
        60.396039603960396,
        59.30351655855241,
        58.38170023898942,
        61.62512803004439,
        60.703311710481394,
        59.50836462956641,
        61.31785592352339,
        61.31785592352339,
        61.35199726869239,
        60.327756913622395,
        60.600887674974395,
        60.396039603960396,
        61.04472516217139,
        61.01058381700239
    ]
}