{
    "train_loss": [
        1.061415508389473,
        1.0283443927764893,
        0.9874749705195427,
        0.9351085312664509,
        0.8672740459442139,
        0.7998549118638039,
        0.7251511365175247,
        0.6599984001368284,
        0.6357276998460293,
        0.6073394846171141,
        0.5854772627353668,
        0.5544090969488025,
        0.5356372240930796,
        0.5093906885012984,
        0.5019259694963694,
        0.49787558428943157,
        0.5043873619288206,
        0.4886637441813946,
        0.4981048759073019,
        0.48022026382386684
    ],
    "test_loss": [
        1.0497553944587708,
        1.013892650604248,
        0.9678792059421539,
        0.9060145020484924,
        0.8144435435533524,
        0.7538956105709076,
        0.7128593474626541,
        0.6788343489170074,
        0.6379215866327286,
        0.6119119897484779,
        0.5854039564728737,
        0.5699809789657593,
        0.5511852502822876,
        0.5656848028302193,
        0.5343635454773903,
        0.5324446111917496,
        0.5403535515069962,
        0.5578648969531059,
        0.5423972010612488,
        0.544399157166481
    ],
    "train_acc": [
        0.49290060851926976,
        0.5091277890466531,
        0.5699797160243407,
        0.6044624746450304,
        0.6430020283975659,
        0.6592292089249493,
        0.6632860040567952,
        0.6876267748478702,
        0.7099391480730223,
        0.7464503042596349,
        0.7809330628803245,
        0.795131845841785,
        0.8377281947261663,
        0.8417849898580122,
        0.8316430020283976,
        0.8438133874239351,
        0.8417849898580122,
        0.845841784989858,
        0.8397565922920892,
        0.845841784989858
    ],
    "test_acc": [
        0.5,
        0.5241935483870968,
        0.5564516129032258,
        0.6048387096774194,
        0.6612903225806451,
        0.6451612903225806,
        0.6532258064516129,
        0.6612903225806451,
        0.6935483870967742,
        0.717741935483871,
        0.7580645161290323,
        0.7661290322580645,
        0.7983870967741935,
        0.7741935483870968,
        0.8064516129032258,
        0.8064516129032258,
        0.7903225806451613,
        0.782258064516129,
        0.7903225806451613,
        0.7903225806451613
    ]
}