{
    "train_loss": [
        1.0210072289956242,
        0.9829671763471867,
        0.9638231219429719,
        0.9513849879075822,
        0.943630362155014,
        0.942528096615876,
        0.9383442408356227,
        0.9350048748874351,
        0.9317426683185132,
        0.9346960870500066,
        0.9303150498063156,
        0.9310802098853808,
        0.9288553066845787,
        0.927787883805209,
        0.9279025167667945,
        0.9286095700324758,
        0.9286536382707326,
        0.9230979174130449,
        0.9256629041886251,
        0.9239046383158941
    ],
    "test_loss": [
        1.0191851380624268,
        1.0122165745810459,
        0.9803915011255364,
        0.9672560610269245,
        0.9671590249789389,
        0.9762760607035537,
        0.962323783416497,
        0.9612593888452179,
        0.9621855480106254,
        0.9562748001594292,
        0.9579262072318478,
        0.949924319198257,
        0.9542349128346694,
        0.9594281181693077,
        0.9578222256742026,
        0.9483467314588396,
        0.9504157926691206,
        0.9627440253370687,
        0.9652643769195205,
        0.9527156163595225
    ],
    "train_acc": [
        32.16517123126791,
        33.365434302626014,
        33.77883215107812,
        34.0653920233006,
        34.72307041856532,
        34.932118194203035,
        34.89453657161648,
        34.972048668201246,
        35.3596091511251,
        34.990839479494525,
        35.35726029971344,
        50.753981303142766,
        50.786865222906,
        65.9862827077559,
        50.62714332691314,
        66.22116784892188,
        65.93930567952272,
        66.60872833184573,
        66.35270352797482,
        66.35035467656316
    ],
    "test_acc": [
        45.15430427720628,
        44.775311315646995,
        46.15592853275582,
        47.563616675690305,
        45.56036816459123,
        46.10178668110449,
        45.912290200324854,
        48.429886302111534,
        46.64320519761776,
        49.296155928532755,
        48.429886302111534,
        49.72929074174337,
        47.103410936654036,
        46.56199242014077,
        47.53654574986464,
        49.40443963183541,
        49.43151055766107,
        46.58906334596643,
        46.697347049269084,
        48.132106118029235
    ]
}