{
    "train_loss": [
        0.8446016458255288,
        0.7670818260135619,
        0.7546976564746154,
        0.7475486694136635,
        0.7419034509074041,
        0.7378599083424839,
        0.7345467164530419,
        0.7330991046313245,
        0.7298461474876508,
        0.7283895990045398,
        0.7277553743989158,
        0.7283124224687191,
        0.7247960294909334,
        0.7231373958782856,
        0.7226698705571164,
        0.7231766420122432,
        0.7198409910414882,
        0.7180048889088395
    ],
    "test_loss": [
        0.8354622090333387,
        0.8308826037143406,
        0.8193072430789471,
        0.8247102656254642,
        0.8100784769575847,
        0.8216128202253267,
        0.7901924270940455,
        0.8085950718310319,
        0.7964227168183577,
        0.8095524642224374,
        0.8098110240933142,
        0.7877498872578144,
        0.7994258651215779,
        0.8028492916179331,
        0.797201122735676,
        0.791176413274125,
        0.7966501418697206,
        0.8018495762426602
    ],
    "train_acc": [
        43.22356367736177,
        45.57476394043313,
        46.382768826044064,
        46.58946775027012,
        46.7538873490863,
        46.75153849767464,
        73.9653309531639,
        75.25015267534175,
        75.88199370507822,
        76.37055479870344,
        77.26546718654578,
        77.27956029501574,
        77.41344482548034,
        77.39700286559872,
        77.34767698595387,
        77.22553671254757,
        77.40874712265702,
        77.27721144360407
    ],
    "test_acc": [
        63.77910124526259,
        63.9144558743909,
        64.29344883595019,
        64.18516513264754,
        64.5100162425555,
        63.21061180292366,
        64.67244179750948,
        64.4288034650785,
        64.26637791012453,
        64.45587439090417,
        64.32051976177586,
        64.64537087168381,
        64.5100162425555,
        64.29344883595019,
        64.64537087168381,
        64.56415809420682,
        64.64537087168381,
        63.9144558743909
    ]
}