{
    "train_loss": [
        1.0357127314923624,
        0.9843676346305169,
        0.9672811813260379,
        0.954487018934206,
        0.9475688533563363,
        0.9460644738552602,
        0.9428092322263278,
        0.9383576204314044,
        0.9354998333281592,
        0.9378578083589673,
        0.9346897547476386,
        0.9355321133754363,
        0.9324905889500913,
        0.9318862546186306,
        0.9333078205193344,
        0.9328216308482775,
        0.935078867108218,
        0.9304981098069172,
        0.9302663068140024,
        0.929308872169962
    ],
    "test_loss": [
        1.0264958734575071,
        1.0285034203215648,
        0.9873580534207194,
        0.9745899761977949,
        0.9755491880994094,
        0.9827946445659588,
        0.9672247632553703,
        0.9680699611180708,
        0.969937453144475,
        0.9599418343682038,
        0.9652979773910422,
        0.9576733629954489,
        0.9615779228900608,
        0.9687104272999262,
        0.9643861053021331,
        0.9575574247460616,
        0.9591237114448297,
        0.9722499290579244,
        0.9715947609198721,
        0.961585844582633
    ],
    "train_acc": [
        31.9050855471174,
        34.42274164475045,
        33.87311249667563,
        34.18043202033037,
        34.127242102774744,
        34.28681185544163,
        34.003132295144944,
        50.619071540439116,
        34.65323128749151,
        34.57640140657782,
        34.620726337874174,
        49.75621287787004,
        65.15469401022429,
        65.15173901480453,
        65.38518365296534,
        65.59794332318785,
        49.90987263969741,
        50.73431636180964,
        65.7043231582991,
        65.29948878579238
    ],
    "test_acc": [
        45.81768521679754,
        45.237282348924545,
        46.32980539433254,
        46.15909866848754,
        45.85182656196654,
        45.237282348924545,
        45.510413110276545,
        46.841925571867534,
        45.783543871628545,
        47.83202458176852,
        46.77364288152953,
        47.319904404233526,
        45.71526118129054,
        45.71526118129054,
        45.81768521679754,
        47.524752475247524,
        46.97849095254353,
        45.64697849095254,
        45.71526118129054,
        46.60293615568453
    ]
}