{
    "train_loss": [
        1.4711623241634746,
        1.2555011625646761,
        1.0952806241418187,
        1.0418489566955127,
        1.0012012543990032,
        0.9700405629278209,
        0.957365274774891,
        0.9452506803172199,
        0.9316285284125785,
        0.930574229689266,
        0.9221912503561103,
        0.9113060095580294,
        0.9123994112480431,
        0.8980170766504384,
        0.8917786736678528,
        0.8969907054843038,
        0.8861004872541679,
        0.8793660548674923,
        0.8808639776029036,
        0.876552930583344
    ],
    "test_loss": [
        1.406037578770989,
        1.233305887799514,
        1.1255588008384956,
        1.0827599863472739,
        1.0637450284863774,
        1.0599909361255797,
        1.0407614406002195,
        1.0587328848085906,
        1.0149274696644983,
        1.014033581041976,
        1.0201012034949504,
        0.9967867943801378,
        1.0083761722633713,
        0.9983750204506673,
        1.040156650249111,
        1.0021056824216716,
        0.9876469845834531,
        0.9928735745188437,
        1.0169480020278379,
        0.999402833671162
    ],
    "train_acc": [
        33.508714238737255,
        43.500728143937614,
        47.3364024991779,
        47.45149621834923,
        48.44271151406962,
        48.945365716164794,
        48.96650537886973,
        49.49499694649317,
        49.706393573542535,
        49.572509043077936,
        49.910743646356934,
        50.408700145628785,
        79.87973880772303,
        80.15220557147555,
        80.59378963686757,
        80.23676422229529,
        80.38474186122986,
        80.57969652839762,
        80.59144078545592,
        80.38943956405318
    ],
    "test_acc": [
        52.409312398484026,
        60.584731997834325,
        64.67244179750948,
        66.75690308608554,
        65.3221440173254,
        65.07850568489442,
        67.65024363833243,
        65.9718462371413,
        67.8938819707634,
        68.08337845154304,
        67.94802382241473,
        67.94802382241473,
        67.10882512181917,
        68.408229561451,
        65.45749864645371,
        68.00216567406605,
        68.9225771521386,
        67.9750947482404,
        66.5674066053059,
        68.13752030319436
    ]
}