{
    "train_loss": [
        0.9849756084676636,
        0.8766434405244102,
        0.8024405758239721,
        0.7618228149943446,
        0.734660661400688,
        0.716753801963243,
        0.7051858609811844,
        0.7000617311795634,
        0.6945022301717759,
        0.6905477201823439,
        0.68843308142754,
        0.6865422338204409,
        0.6841331617977151,
        0.6818709216950657,
        0.6818906936966079,
        0.6816945930624283,
        0.680427135003265,
        0.6790701003853955,
        0.6812898650580074
    ],
    "test_loss": [
        0.9309927446277518,
        0.8560181333830482,
        0.7905712552368641,
        0.7579677368073087,
        0.747295027853627,
        0.7428495660424232,
        0.7312951751053334,
        0.7366470269466702,
        0.7307968748243232,
        0.7270070499495456,
        0.7287904503118051,
        0.7239465536255586,
        0.7235729884944464,
        0.7272778946514192,
        0.7296915196470524,
        0.7237770095075432,
        0.7257034096278643,
        0.727725296526363,
        0.7281601490354852
    ],
    "train_acc": [
        50.220294177455436,
        59.16762692333763,
        63.031247881786754,
        63.424388260014915,
        63.858198332542536,
        64.32251067579476,
        64.7122619128313,
        65.67477801125195,
        65.89168304751576,
        66.3593845319596,
        67.06432589981699,
        67.13549786484104,
        67.71165186741679,
        68.04039856300413,
        67.69131702026706,
        68.050565986579,
        68.16918592828577,
        68.48437605910662,
        68.50132176506473
    ],
    "test_acc": [
        53.62750406063888,
        58.09420682187331,
        59.85381700054142,
        63.697888467785596,
        64.10395235517055,
        65.05143475906875,
        65.91770438548998,
        64.88900920411479,
        65.05143475906875,
        66.13427179209529,
        66.45912290200324,
        67.21710882512181,
        67.24417975094748,
        66.75690308608554,
        66.70276123443422,
        67.0817541959935,
        67.3795343800758,
        67.10882512181917,
        67.2983216025988
    ]
}