{
    "train_loss": [
        0.9965759353908269,
        0.8869763570004388,
        0.7992496715858579,
        0.7503607903166036,
        0.7229184226451539,
        0.708330351076285,
        0.698949095674815,
        0.6943639606868505,
        0.6893382157548331,
        0.6863560415491903,
        0.6835507024425743,
        0.681559897489282,
        0.6794890127444982,
        0.6778028751266998,
        0.6779859629162514,
        0.6768440083380004,
        0.6766944207163761,
        0.6752457275141128,
        0.6746160634390483,
        0.6737799790088933,
        0.6720879430613039,
        0.6758096077945084
    ],
    "test_loss": [
        0.9546117403005299,
        0.8863575138543781,
        0.7830315772640077,
        0.7538725418577853,
        0.7411861846419542,
        0.7401708674077925,
        0.725580330447931,
        0.7334166932556975,
        0.7271413761534189,
        0.7231243685574124,
        0.7247525608265086,
        0.7217160349417674,
        0.7214044184571035,
        0.7235878905379458,
        0.7252418936867463,
        0.7205134969204664,
        0.7233709505318027,
        0.7235222598831904,
        0.7226531444607597,
        0.7244332232169415,
        0.7241495969068062,
        0.7254152946076111
    ],
    "train_acc": [
        50.61343455568359,
        59.38114281840981,
        63.322714024266254,
        63.949705144716326,
        64.33945638175287,
        64.58008540635802,
        65.33925303328137,
        65.99335728326442,
        66.21026231952823,
        66.58306785060665,
        67.33206805395513,
        67.47102284281164,
        67.92177862129736,
        68.17257506947739,
        68.0031180098963,
        68.37931268216634,
        68.328475564292,
        68.55215888293907,
        69.19948485053888,
        69.2028739917305,
        69.33505049820376,
        69.2333762624551
    ],
    "test_acc": [
        53.62750406063888,
        58.25663237682729,
        60.530590146183,
        62.587980508933406,
        64.18516513264754,
        63.61667569030861,
        66.13427179209529,
        65.18678938819707,
        65.29507309149973,
        66.72983216025987,
        66.70276123443422,
        66.83811586356254,
        67.35246345425014,
        67.13589604764483,
        67.5961017866811,
        67.05468327016784,
        68.11044937736871,
        67.48781808337846,
        67.51488900920411,
        67.46074715755279,
        67.27125067677315,
        67.02761234434217
    ]
}