{
    "train_loss": [
        1.0222710389349805,
        0.9107550296148187,
        0.8505645819400486,
        0.8149547789441912,
        0.7904259356835514,
        0.7775131148022697,
        0.7672337972071929,
        0.7604053053202254,
        0.7569648170803894,
        0.7548132226015073,
        0.7552553297476966,
        0.7526820030130789,
        0.7467070363722373,
        0.7477296337966293,
        0.7434766716910465,
        0.7448736618277556,
        0.7432443057687794,
        0.7393770850067468,
        0.740460968541447,
        0.7402159305684587,
        0.7350743307265618,
        0.7369700983555767
    ],
    "test_loss": [
        0.9631634312240701,
        0.9182095345697905,
        0.8483646204597072,
        0.8169000106226457,
        0.8125410202694566,
        0.8045823915420394,
        0.7894313681478563,
        0.8090507577026361,
        0.7900844822392652,
        0.7884050567095217,
        0.7898632017944597,
        0.7834146869613936,
        0.7843261723112511,
        0.7910447118975418,
        0.7912626853408782,
        0.7817779345609444,
        0.7881059075852758,
        0.7923598776032266,
        0.7916734316092181,
        0.7872105715771843,
        0.793140339792559,
        0.7987181373185626
    ],
    "train_acc": [
        46.901062959934585,
        56.23875715453802,
        59.63205233033524,
        60.98937040065413,
        61.128372853638595,
        61.651676206050695,
        62.085036794766964,
        62.64922322158626,
        61.78250204415372,
        62.14227309893704,
        62.25674570727719,
        62.58381030253475,
        62.8454619787408,
        62.812755519215045,
        63.22976287816844,
        63.859362224039245,
        63.13164349959117,
        63.58953393295176,
        64.17825020441538,
        63.859362224039245,
        64.11283728536385,
        64.04742436631234
    ],
    "test_acc": [
        52.55235602094241,
        54.45026178010471,
        57.72251308900523,
        60.40575916230367,
        58.83507853403141,
        58.704188481675395,
        62.36910994764398,
        59.94764397905759,
        60.14397905759162,
        61.64921465968586,
        60.99476439790576,
        60.73298429319372,
        60.99476439790576,
        60.40575916230367,
        60.40575916230367,
        60.602094240837694,
        60.53664921465968,
        59.882198952879584,
        61.2565445026178,
        60.53664921465968,
        61.845549738219894,
        58.704188481675395
    ]
}