{
    "train_loss": [
        1.0150769643284445,
        0.8586168031283631,
        0.7640322255482008,
        0.7229452172884077,
        0.6991840567785592,
        0.685564106953201,
        0.6778236198495924
    ],
    "test_loss": [
        0.9305826160296096,
        0.7571528544600722,
        0.7075557046379718,
        0.6881459058891416,
        0.663351627856649,
        0.6439659758544093,
        0.6369794031497852
    ],
    "train_acc": [
        48.16127145756648,
        60.24631050259727,
        64.32281812239843,
        66.96824796174619,
        68.71237400667377,
        69.00822181705597,
        69.52423543981561
    ],
    "test_acc": [
        60.2679792179382,
        65.65490839485918,
        67.18621821164889,
        68.19797648345639,
        71.15121684440798,
        71.69811320754717,
        71.83483729833196
    ]
}