{
    "train_loss": [
        1.031603242829442,
        0.9214914168770376,
        0.8812034120758702,
        0.8177103130624777,
        0.7954360712031637,
        0.7804683264884117,
        0.7740882016160819,
        0.7654924946098043,
        0.7601026937310388,
        0.7555649924095824,
        0.753314693735171,
        0.7506998199969913,
        0.7497210603827338,
        0.7454974731750936,
        0.7446990867389487,
        0.742983281044412,
        0.741911990108163,
        0.7434392942974227,
        0.7382355792740495
    ],
    "test_loss": [
        0.9841079834260439,
        0.9333364569042858,
        0.8561415464470261,
        0.8217871417732615,
        0.8126894963022909,
        0.8052167732342097,
        0.7948994783782646,
        0.8013008658467841,
        0.7949262116937653,
        0.794781562661458,
        0.785988288771018,
        0.7789415118480592,
        0.7738626608625054,
        0.791189731052758,
        0.7825414066104904,
        0.7899545045496014,
        0.783087418728361,
        0.778930776551562,
        0.7882519639464781
    ],
    "train_acc": [
        48.27468251592765,
        56.67251036900842,
        58.015136614358404,
        60.24714585025869,
        60.88852781459785,
        60.59349211100184,
        61.20494291700518,
        61.05528712532604,
        62.18839526232522,
        61.85915252063112,
        61.9275665968273,
        62.440672168298626,
        62.633086757600374,
        62.521913883781586,
        62.88963954333604,
        63.23598580407919,
        62.96660537905674,
        62.54756916235515,
        62.397913370676015
    ],
    "test_acc": [
        53.362922499146464,
        50.97302833731649,
        56.53806759986343,
        56.36736087401844,
        56.33321952884943,
        56.84533970638443,
        60.122908842608396,
        60.600887674974395,
        60.5667463298054,
        61.96654148173438,
        62.410378968931376,
        62.888357801297374,
        63.77603277569136,
        61.283714578354385,
        62.30795493342438,
        60.430180949129394,
        62.82007511095937,
        62.64936838511437,
        60.5667463298054
    ]
}