{
    "train_loss": [
        1.0487061311441817,
        0.9313981453544999,
        0.8726153232353299,
        0.8280342795641015,
        0.7896640401897266,
        0.7628230632846489,
        0.7429689922737643,
        0.7288582578828362,
        0.7127034791543051,
        0.7054678145085315,
        0.6954579434149262,
        0.6896467995848261,
        0.6847011191730608,
        0.6805872696359936,
        0.6788348864500509,
        0.6752734984785906,
        0.674400369468525,
        0.6698695358121768
    ],
    "test_loss": [
        0.9724747693852375,
        0.9149110739168368,
        0.8735552885814717,
        0.8281920095023356,
        0.7901136392041257,
        0.7739616837156447,
        0.7489205598831177,
        0.7409028762657391,
        0.7398058094868535,
        0.7251668918289637,
        0.7279195098598537,
        0.7172152970231285,
        0.7192389743843753,
        0.724046001205907,
        0.7196212073444928,
        0.7125862691526939,
        0.7168205272038712,
        0.7402350992797628
    ],
    "train_acc": [
        43.0658171219413,
        53.46370229783773,
        59.00155900494815,
        61.97383583000068,
        64.17338846336338,
        65.38331186877245,
        65.78661967057548,
        66.17976004880363,
        66.3424388260015,
        66.69152036873857,
        67.0812716057751,
        66.98298651121806,
        67.99972886870466,
        68.20985562258524,
        68.51826747102284,
        68.25391445807632,
        68.77584220158612,
        68.91479699044262
    ],
    "test_acc": [
        49.97292907417434,
        55.38711423930698,
        57.498646453708716,
        61.478072550081215,
        62.858689767190036,
        61.39685977260422,
        66.51326475365458,
        64.8077964266378,
        66.08012994044397,
        66.10720086626962,
        65.15971846237142,
        67.62317271250677,
        67.21710882512181,
        66.78397401191121,
        67.70438548998376,
        68.00216567406605,
        67.54195993502978,
        65.91770438548998
    ]
}