{
    "train_loss": [
        1.0222931857956084,
        0.9227029530429527,
        0.9193582572435078,
        0.8059929410314285,
        0.7745795807825695,
        0.7633696162987402,
        0.7528668410834047,
        0.7482024927461202,
        0.7446046357842677,
        0.74100561472863,
        0.7386163710509305,
        0.7379507548754766,
        0.7354690206080896
    ],
    "test_loss": [
        0.9668753418483232,
        0.9248599333982719,
        0.8381322053702254,
        0.8039988453843092,
        0.7967075389564822,
        0.7877949496829196,
        0.7760086129762624,
        0.7897700483861723,
        0.7790896419141637,
        0.7798716328547973,
        0.7793797210202014,
        0.7809867674729933,
        0.784942841823948
    ],
    "train_acc": [
        50.15793629902606,
        56.922874440642275,
        58.239010265859434,
        60.831797841537245,
        61.60831797841537,
        61.64780205317189,
        61.70044748618057,
        61.70044748618057,
        61.6872861279284,
        61.76625427744143,
        61.91102921821532,
        61.83206106870229,
        61.75309291918926
    ],
    "test_acc": [
        52.57082896117524,
        54.35466946484785,
        60.230849947534104,
        62.434417628541446,
        61.80482686253935,
        62.329485834207766,
        62.1196222455404,
        62.434417628541446,
        62.1196222455404,
        62.1196222455404,
        62.329485834207766,
        62.01469045120672,
        62.434417628541446
    ]
}