{
    "train_loss": [
        1.0295469486203632,
        0.9283415293321013,
        0.8458992179666989,
        0.8075422943278682,
        0.8025399664946905,
        0.7776198693906496,
        0.7718305312982442,
        0.7683524751950723,
        0.7662544897513152,
        0.7635059887371761,
        0.761266608202928,
        0.7613006910336002,
        0.7591585771715281,
        0.7573599578992702,
        0.7597730183480675,
        0.7579724697120439,
        0.7582667922190587,
        0.7563017412150083,
        0.7570109474249062
    ],
    "test_loss": [
        0.9892874501253429,
        0.9358286874858956,
        0.8405019950513777,
        0.821444903225883,
        0.8079446436935349,
        0.8092400039497175,
        0.7999947159109931,
        0.8150263034297447,
        0.7994570753586135,
        0.7971380720748321,
        0.8015391402240647,
        0.7972329596204585,
        0.7958857524747911,
        0.7996290543949918,
        0.7982965030560368,
        0.7964142548410515,
        0.8019895238213633,
        0.7999150521367004,
        0.8001202450378945
    ],
    "train_acc": [
        47.367130008176616,
        57.03188879803761,
        59.46852003270646,
        59.664758789861,
        59.25592804578904,
        60.80948487326247,
        60.94031071136549,
        60.34341782502044,
        61.013900245298444,
        61.103843008994275,
        60.122649223221586,
        61.218315617334426,
        60.82583810302535,
        60.91578086672118,
        60.408830744071956,
        60.89125102207686,
        61.34914145543745,
        61.55355682747343,
        61.479967293540476
    ],
    "test_acc": [
        55.69371727748691,
        53.27225130890052,
        58.1151832460733,
        57.65706806282723,
        59.55497382198953,
        57.98429319371728,
        61.12565445026178,
        59.94764397905759,
        61.518324607329845,
        61.12565445026178,
        61.19109947643979,
        61.19109947643979,
        60.667539267015705,
        60.73298429319372,
        61.518324607329845,
        61.32198952879581,
        61.2565445026178,
        61.38743455497382,
        61.910994764397905
    ]
}