{
    "train_loss": [
        1.4848362927908425
    ],
    "test_loss": [
        1.3751321149908977
    ],
    "train_acc": [
        45.9007922838443
    ],
    "test_acc": [
        50.964187327823694
    ]
}