{
    "train_loss": [
        1.025080523110534,
        0.8991149688874812,
        0.8302031274198701,
        0.7822238047607243,
        0.749869410992649,
        0.728367018426989,
        0.7127009455708934,
        0.6994765211224532,
        0.6948129763106791,
        0.6875831604713121,
        0.6841856808148901,
        0.6809126600433956,
        0.6768870688257984,
        0.6754069192118646,
        0.6725716548074975,
        0.6734086341435996
    ],
    "test_loss": [
        0.9508531771208111,
        0.9000110337216604,
        0.8172613165096233,
        0.7724359156661912,
        0.7628489276884418,
        0.7434503607844052,
        0.731473222570984,
        0.7312420786186856,
        0.7260539054821589,
        0.72182813303202,
        0.722476668888703,
        0.7161595949314927,
        0.7171747053777309,
        0.7206740277139225,
        0.7253048408580454,
        0.7183388075962859
    ],
    "train_acc": [
        45.65851013353216,
        57.425608350843895,
        61.93655527689283,
        64.10560563953095,
        64.4987460177591,
        64.78682301904698,
        65.02406290246051,
        66.16281434284552,
        66.25771029621094,
        66.79658374567884,
        67.41679658374568,
        67.76587812648275,
        68.47759777672337,
        68.74533993086152,
        68.93513183759235,
        69.27404595675456
    ],
    "test_acc": [
        53.92528424472117,
        56.632376827287494,
        59.04168922577152,
        63.86031402273958,
        61.82999458581484,
        64.4288034650785,
        65.80942068218734,
        64.67244179750948,
        65.34921494315105,
        66.94639956686518,
        66.5674066053059,
        67.73145641580942,
        67.40660530590146,
        66.48619382782891,
        67.19003789929616,
        67.2983216025988
    ]
}