{
    "train_loss": [
        1.0029672879529627,
        0.9066486732249982,
        0.8405698912316247,
        0.8038854503746782,
        0.7805919192014508,
        0.7704260760648666,
        0.7615974085460613,
        0.758679489168265,
        0.7546420240296835,
        0.7523697479444212,
        0.7527232458585211,
        0.7499827100284164,
        0.7471046031816513,
        0.7449203954640421,
        0.7453040155583662,
        0.7429903795043509,
        0.7406982652300749,
        0.7384822243189678,
        0.7393922867372902,
        0.7425273297863896,
        0.7372787709363987,
        0.7347706264710532,
        0.7362020528336487,
        0.7313621922704011,
        0.7345001955651433,
        0.7339210416345036,
        0.7338361686885612,
        0.7311676785535958,
        0.7296934595644798,
        0.7291636969296776,
        0.7255452791692254
    ],
    "test_loss": [
        0.9591419736021444,
        0.9084074847008052,
        0.83283902116512,
        0.8086845458534203,
        0.8018752468847915,
        0.7984891144460753,
        0.7856350073296773,
        0.8005832626043181,
        0.7916951945149585,
        0.7905999569614467,
        0.7929802956647779,
        0.783062597530845,
        0.7882834000929602,
        0.783173951565435,
        0.7851208611244433,
        0.778338272430885,
        0.7839314898623055,
        0.7853206758730505,
        0.7982365232083555,
        0.7852443508632285,
        0.7835679040976653,
        0.7945643191201318,
        0.7743323522766954,
        0.7783743025882072,
        0.7775525690252452,
        0.7753184003976027,
        0.8210472127692284,
        0.7774953096761907,
        0.7783831055472163,
        0.7837395256924394,
        0.7906204709538112
    ],
    "train_acc": [
        48.95454739812716,
        57.459272245264465,
        59.96921366571172,
        61.13225296104674,
        61.56839269679737,
        61.162184119382566,
        62.034463590883824,
        61.90618719801599,
        61.82922136229529,
        61.82066960277077,
        62.043015350408346,
        62.36798221234019,
        62.81267370761534,
        62.66729379569846,
        62.92384658143413,
        63.15901996835849,
        63.43695215290546,
        63.492538589814856,
        63.80040193269765,
        63.22315816479241,
        64.1681275922521,
        64.4759909351349,
        63.94578184461453,
        64.4759909351349,
        64.41612861846325,
        64.44605977679907,
        64.8608201137384,
        64.48454269465942,
        65.30551160901355,
        65.0147517851798,
        65.0361311839911
    ],
    "test_acc": [
        53.32878115397747,
        55.343120518948446,
        57.528166609764426,
        59.166951177876406,
        59.30351655855241,
        59.03038579720041,
        61.386138613861384,
        61.181290542847385,
        60.327756913622395,
        61.829976101058385,
        61.89825879139638,
        61.42027995903039,
        61.59098668487538,
        61.14714919767839,
        61.35199726869239,
        62.137248207579376,
        62.00068282690338,
        60.5667463298054,
        61.727552065551386,
        62.342096278593374,
        62.00068282690338,
        61.52270399453739,
        62.95664049163537,
        61.21543188801639,
        60.5667463298054,
        63.093205872311366,
        60.225332878115395,
        61.96654148173438,
        61.04472516217139,
        61.24957323318539,
        61.31785592352339
    ]
}