{
    "train_loss": [
        1.0389719731615563,
        0.9100299874124559,
        0.8373335479807696,
        0.8062596063815841,
        0.7722361368127167,
        0.7576127720721016,
        0.7439516235406413,
        0.7378271293847846,
        0.7333679428177052,
        0.7284592531366415,
        0.7296204878057133,
        0.7284540710354983,
        0.7210756173403321,
        0.7227131060869924,
        0.7161464643534456,
        0.7169611437722587,
        0.7159661797103534,
        0.7143454934929889,
        0.7119181633151848,
        0.7134010506518136,
        0.7087553337957759,
        0.708674584029512
    ],
    "test_loss": [
        0.9661250942631772,
        0.8824659605559549,
        0.8279840130555002,
        0.7925461562448426,
        0.8002529106838139,
        0.7801399469767746,
        0.7696299592131063,
        0.7888494013024396,
        0.7687037751323691,
        0.7705894988177246,
        0.7683062326653223,
        0.7672899065735309,
        0.7659791290367904,
        0.7644883101462926,
        0.7679542076675907,
        0.760704708849325,
        0.7667268832802381,
        0.7706357453655648,
        0.7714120520965049,
        0.7679007376348109,
        0.7730219561631154,
        0.7698925098404288
    ],
    "train_acc": [
        45.9199789418268,
        56.76493814161621,
        60.831797841537245,
        61.33192945511977,
        62.963937878389046,
        62.93761516188471,
        63.84574888128455,
        64.29323506185838,
        63.49039220847592,
        64.43801000263227,
        63.819426164780204,
        64.18794419584101,
        65.490918662806,
        64.39852592787575,
        65.14872334824953,
        65.24085285601474,
        65.97788891813636,
        65.3066596472756,
        66.4648591734667,
        65.80679126085812,
        66.12266385891024,
        66.22795472492761
    ],
    "test_acc": [
        50.68205666316894,
        57.39769150052466,
        58.866736621196225,
        61.17523609653725,
        59.18153200419727,
        60.54564533053515,
        63.588667366211965,
        63.3788037775446,
        62.749213011542494,
        63.90346274921301,
        62.644281217208814,
        62.95907660020986,
        63.3788037775446,
        61.90975865687303,
        63.48373557187828,
        63.90346274921301,
        64.11332633788038,
        63.27387198321091,
        63.06400839454355,
        62.01469045120672,
        62.95907660020986,
        63.588667366211965
    ]
}