{
    "train_loss": [
        0.9417593872370689,
        0.8419336243091445,
        0.7774491977853406,
        0.7458404716998829,
        0.7231544714494559,
        0.7095787086517942,
        0.6990836811454133,
        0.6928821622473678,
        0.6878035253839028,
        0.6850325974406013,
        0.6826598554494252,
        0.6799274492840356,
        0.6772148136404882,
        0.6761494762006853,
        0.6758896819156546,
        0.675053989933191,
        0.6737897878854328,
        0.6723836933547558,
        0.6720375204774379
    ],
    "test_loss": [
        0.9092449362340727,
        0.8363493691149511,
        0.7729269646402253,
        0.747575014094381,
        0.7414534852790989,
        0.7393891789901413,
        0.7237060256694493,
        0.727240966750603,
        0.726500076633927,
        0.7187905645831243,
        0.721716053663802,
        0.7169805426248594,
        0.7169554633333495,
        0.7230233175140854,
        0.7215303077558546,
        0.7156168832982841,
        0.719125176549546,
        0.7221847243459993,
        0.7219465446756467
    ],
    "train_acc": [
        56.391920287399174,
        61.18416593235274,
        63.73618924964414,
        64.0378228156985,
        64.33267809936962,
        64.47841117060936,
        65.5459906459703,
        66.26448857859418,
        66.52206330915746,
        66.97281908764319,
        66.89486884023589,
        67.42696400732055,
        68.0336202806209,
        68.17935335186064,
        68.05395512777062,
        68.26747102284281,
        68.28780586999254,
        68.73178336609503,
        69.44011387514404
    ],
    "test_acc": [
        58.040064970221984,
        58.93340552246887,
        60.882512181916624,
        64.88900920411479,
        64.32051976177586,
        63.12939902544667,
        66.6486193827829,
        65.07850568489442,
        64.94315105576611,
        66.78397401191121,
        67.19003789929616,
        67.10882512181917,
        67.70438548998376,
        67.13589604764483,
        67.00054141851652,
        66.81104493773687,
        68.02923659989172,
        68.05630752571739,
        67.70438548998376
    ]
}