{
    "train_loss": [
        0.9395776012716325,
        0.8521103982078402,
        0.7827125766216532,
        0.7471631916117315,
        0.7216706026958204,
        0.7090959939382676,
        0.698184249795189,
        0.6915799627840323,
        0.6874023333075456,
        0.6839695194540055,
        0.6820596348313541,
        0.682559331769957,
        0.6771519134041706,
        0.676424027491655,
        0.6747914095001761,
        0.6748395926328253,
        0.6736648710803006,
        0.6720769145605644,
        0.6714541550842114,
        0.6706131122385973,
        0.6686907405958903,
        0.670011624982458
    ],
    "test_loss": [
        0.9121975440728037,
        0.8534371249377728,
        0.7802208883197684,
        0.7502544666591443,
        0.7420794277598983,
        0.7412266443630583,
        0.7235705667910607,
        0.7318454341276696,
        0.7273553371527477,
        0.7210035217729839,
        0.724172578296183,
        0.7197480023397427,
        0.7191455621027241,
        0.722987217559038,
        0.7215666419973499,
        0.7182263542113728,
        0.7205948350264838,
        0.7238084903967223,
        0.7269065546558091,
        0.7235080447489102,
        0.7229695456004457,
        0.723886931143505
    ],
    "train_acc": [
        58.13054971870128,
        61.536636616281434,
        63.84125262658442,
        64.35640208771098,
        64.44790889988477,
        64.67498135972345,
        65.42398156307192,
        66.2509320138277,
        66.50172846200773,
        67.01348878194266,
        67.24733952416457,
        67.44052057208704,
        68.27763844641768,
        68.46743035314852,
        68.39625838812445,
        68.48776520029824,
        68.7893987663526,
        68.96224496712533,
        69.56890124042567,
        69.60957093472514,
        69.76886057073138,
        69.81969768860571
    ],
    "test_acc": [
        56.632376827287494,
        57.98592311857065,
        60.584731997834325,
        63.752030319436926,
        63.64374661613427,
        62.317271250676775,
        66.2696264212236,
        64.40173253925285,
        64.91608012994044,
        66.97347049269085,
        67.05468327016784,
        67.24417975094748,
        67.48781808337846,
        67.00054141851652,
        67.94802382241473,
        67.13589604764483,
        67.8938819707634,
        67.5961017866811,
        67.00054141851652,
        68.35408770979967,
        67.13589604764483,
        67.65024363833243
    ]
}