{
    "train_loss": [
        1.4810071873625643,
        1.2873160683108789,
        1.1115651325959908,
        1.048273355984374,
        0.9893163047093702,
        0.9490317573660593,
        0.9261550610811499,
        0.9055947678935665,
        0.8912948768794242,
        0.888461395780752,
        0.8769846525239317,
        0.8678748278903138,
        0.8692693741097556,
        0.8581380297717834,
        0.8565789184729128,
        0.8571465507468307,
        0.8482159213530586,
        0.8449822252322184,
        0.8487766155525797,
        0.8389480293648759
    ],
    "test_loss": [
        1.4498122061553755,
        1.242043337029846,
        1.1655455993194328,
        1.11493123275669,
        1.0539824493229388,
        1.0307616316566341,
        1.0088187353391396,
        1.009733850999098,
        0.9694336837451709,
        0.9749439227737878,
        0.9654503004331337,
        0.9557189065766962,
        0.9745149770849629,
        0.9629509707030497,
        0.987184145536862,
        0.9475804983393142,
        0.947367020853256,
        0.9541265693542205,
        0.9766393600325836,
        0.946649948076198
    ],
    "train_acc": [
        48.8980223969502,
        59.471050750536094,
        64.2601858470336,
        66.4462711460567,
        69.22802001429592,
        70.1810817250417,
        71.36645222778175,
        72.05146533238027,
        72.39695020252562,
        72.22420776745294,
        73.11174648558494,
        73.14152966404575,
        73.07600667143197,
        73.15939957112224,
        73.32022873481058,
        73.02239695020252,
        73.5763640695735,
        73.58232070526567,
        73.23683583512032,
        74.01715511079342
    ],
    "test_acc": [
        49.380362249761674,
        58.341277407054335,
        64.87130600571973,
        65.25262154432794,
        67.96949475691135,
        67.1115347950429,
        69.73307912297426,
        68.4461391801716,
        69.54242135367016,
        69.11344137273593,
        69.39942802669209,
        69.49475691134414,
        69.44709246901812,
        70.20972354623451,
        69.68541468064824,
        69.92373689227836,
        70.16205910390849,
        69.256434699714,
        68.68446139180172,
        69.49475691134414
    ]
}