{
    "train_loss": [
        1.4370251538133936,
        1.1922840265949306,
        1.0319153506995031,
        0.9574522782803366,
        0.9054289509076625,
        0.865807118258243,
        0.8462850125555538,
        0.8285826521521238,
        0.8126359829740403,
        0.8080725001306028,
        0.8013674840343332,
        0.7939977714528428,
        0.7923856577309044,
        0.7819342135825489,
        0.7770253233844414,
        0.7836584861770174,
        0.772447689664305,
        0.7673091136936196,
        0.76630116531221,
        0.7661575901738711
    ],
    "test_loss": [
        1.326043955275887,
        1.1689704116237791,
        1.0870178503425498,
        1.0159140677436402,
        0.9851336888184673,
        0.9508426705865484,
        0.9437294743955136,
        0.9397870302396385,
        0.8973952252221735,
        0.9078876594963826,
        0.8943422426714709,
        0.8833651276795488,
        0.8950451145634839,
        0.8871331745268483,
        0.9209795560491713,
        0.8662370357466371,
        0.8690035802361212,
        0.8802698052243183,
        0.8988339607260729,
        0.875972245653209
    ],
    "train_acc": [
        53.30011282437006,
        64.16886047386235,
        68.07070327190674,
        70.6938698758932,
        73.56148928168484,
        74.19142534787514,
        74.7555471981948,
        75.22564874012787,
        75.64874012786763,
        75.31026701767581,
        75.71455434373824,
        75.88379089883415,
        75.62053403535164,
        76.02482136141407,
        76.33508837908988,
        75.6299360661903,
        76.35389244076721,
        76.62655133508838,
        76.35389244076721,
        76.58894321173373
    ],
    "test_acc": [
        60.16504126031508,
        63.99099774943736,
        66.3165791447862,
        69.16729182295573,
        70.36759189797449,
        71.26781695423855,
        71.9429857464366,
        71.49287321830458,
        72.99324831207802,
        72.54313578394598,
        72.39309827456864,
        72.46811702925731,
        72.61815453863466,
        72.91822955738935,
        71.11777944486121,
        72.91822955738935,
        73.74343585896474,
        72.91822955738935,
        72.31807951987997,
        72.46811702925731
    ]
}