{
    "train_loss": [
        1.593176230788231,
        1.4914983958005905,
        1.4341093227267265,
        1.3556235283613205,
        1.2754476070404053,
        1.193828508257866,
        1.140327412635088,
        1.0515549331903458,
        0.9850591942667961,
        0.9301387555897236,
        0.9004313871264458,
        0.8739973343908787,
        0.8497537337243557,
        0.835242111235857,
        0.8140726052224636,
        0.7926252111792564,
        0.7733682431280613,
        0.754898477345705,
        0.7445445507764816,
        0.7523639462888241,
        0.7433730810880661,
        0.7427430562674999,
        0.7375442646443844,
        0.720402255654335,
        0.7298478595912457,
        0.7162859179079533,
        0.7094028722494841,
        0.7039923965930939,
        0.6963390447199345,
        0.6988300066441298,
        0.6977423615753651
    ],
    "test_loss": [
        1.5184335112571716,
        1.4517553448677063,
        1.3933361172676086,
        1.3038159906864166,
        1.232429325580597,
        1.1389857530593872,
        1.022365853190422,
        0.9314961284399033,
        0.8893939554691315,
        0.8487725257873535,
        0.8039939254522324,
        0.7880866229534149,
        0.7687344253063202,
        0.7777068167924881,
        0.7219354212284088,
        0.7139684408903122,
        0.6922362148761749,
        0.6954744756221771,
        0.67535600066185,
        0.6766378879547119,
        0.6851823180913925,
        0.6302502155303955,
        0.6586582139134407,
        0.6516948640346527,
        0.6733254194259644,
        0.6512301862239838,
        0.6274432986974716,
        0.6430684924125671,
        0.6509452760219574,
        0.6563768684864044,
        0.6620768755674362
    ],
    "train_acc": [
        43.20486815415821,
        49.49290060851927,
        52.129817444219064,
        55.78093306288032,
        64.50304259634889,
        64.70588235294117,
        66.32860040567951,
        70.79107505070994,
        72.41379310344827,
        74.84787018255578,
        75.45638945233266,
        78.49898580121703,
        81.33874239350912,
        78.49898580121703,
        79.91886409736308,
        82.55578093306288,
        82.3529411764706,
        82.1501014198783,
        82.1501014198783,
        81.74442190669372,
        81.947261663286,
        81.947261663286,
        82.1501014198783,
        81.947261663286,
        81.947261663286,
        83.56997971602433,
        82.55578093306288,
        82.75862068965517,
        83.16430020283975,
        82.55578093306288,
        82.3529411764706
    ],
    "test_acc": [
        48.38709677419355,
        50.806451612903224,
        47.58064516129032,
        64.51612903225806,
        71.7741935483871,
        70.16129032258064,
        72.58064516129032,
        79.03225806451613,
        82.25806451612904,
        78.2258064516129,
        86.29032258064517,
        84.6774193548387,
        86.29032258064517,
        84.6774193548387,
        85.48387096774194,
        85.48387096774194,
        87.09677419354838,
        85.48387096774194,
        85.48387096774194,
        86.29032258064517,
        86.29032258064517,
        87.90322580645162,
        86.29032258064517,
        84.6774193548387,
        83.87096774193549,
        85.48387096774194,
        86.29032258064517,
        83.87096774193549,
        83.06451612903226,
        83.87096774193549,
        83.06451612903226
    ]
}