{
    "train_loss": [
        1.0032553782784626,
        0.8320511584807383,
        0.7300795915291498,
        0.7016732989908441,
        0.6804112860589827,
        0.6634243966153773,
        0.6531222004835543,
        0.6442283184647463,
        0.6363775968539381,
        0.6380183087318744,
        0.630267782630644,
        0.6270321072716462,
        0.6231932443125467,
        0.619658734621235,
        0.6167772405664437,
        0.6215078501110455
    ],
    "test_loss": [
        0.9229891977812115,
        0.8129490459435864,
        0.7733831000955481,
        0.7583175147050305,
        0.7444315117832861,
        0.725143466164407,
        0.7075119574211146,
        0.7260263102129102,
        0.6890669322523632,
        0.6972000381370124,
        0.6961519973744688,
        0.6757731627182741,
        0.6781686604317082,
        0.7082842412061597,
        0.6770116091460774,
        0.6902713940821981
    ],
    "train_acc": [
        37.36787710809414,
        73.71870155493963,
        76.91313947479682,
        78.16037957438813,
        78.66538262789496,
        79.29017710339645,
        68.33748297082727,
        74.96124395170762,
        80.33776483299667,
        79.68008643773194,
        80.27434584488185,
        80.24381077653028,
        80.30957861605675,
        80.57264997416263,
        80.563254568516,
        80.34011368440832
    ],
    "test_acc": [
        56.41580942068219,
        62.80454791553871,
        65.15971846237142,
        66.45912290200324,
        65.43042772062805,
        65.86356253383866,
        67.0817541959935,
        66.10720086626962,
        68.1916621548457,
        68.27287493232268,
        67.62317271250677,
        68.1916621548457,
        68.38115863562534,
        66.48619382782891,
        67.86681104493773,
        68.16459122902003
    ]
}